content,username
我只想，让你快来到我身边,少年不知楛滋味 
何如跟比自己矮的人聊天,丿蓦丶後 
有些人，一旦错过就不再……,少年不知楛滋味 
“肥宅”心中排名前52的动漫女神，你最喜欢谁？,摸咪校尉 
属于你的盖世英雄总会来，你要等。,少年不知苦滋味 
英国王室大婚！拍裸戏、离过婚的37岁姐姐怎么就让哈里王子爱得死去活来？,我有了一个男朋友ヽ、 
漫威小白快来补课！漫威电影的正确观影指南 ​​​​！,我有了一个男朋友ヽ、 
学讲广东话，你能完整的说一遍吗？,乳痴如狂 
阿三的理发店就是不一样,搞笑内涵侠 
急诊送进国外医院，才发现我们欠中国医生一句道歉！,我有了一个男朋友ヽ、 
这就是化妆与发型的重要性！,我有了一个男朋友ヽ、 
热恋3个月 VS 结婚3年的区别，哈哈哈哈哈简直生动形象～,摸咪校尉 
一秒变兔子~,RelaxLVo 
在地铁看见一小孩拿着平板！ 仔细一看。。。我可能连个小学生都不如,闪闪发光的星星 
"当年爆红的网络歌手, 现在都不知道去哪里了",少年不知苦滋味 
果然二哈的智商令人捉急,马小梅 
你看它那无处安放的小眼神，就给它点吃的吧，口水都留下来了,搞笑内涵侠 
生儿子幸福还是生女儿幸福？科学角度分析一下,砸你家玻璃l 
这是飞一样的感觉.......脑子嗡嗡的,红桃_K 
这些可爱的猫咪，你喜欢哪个品种的，爱猫人士请进,少年不知苦滋味 
大晚上的没人认识你，姐夫们就说说吧~,安静ksN 
从考场出来，看到成绩单上自己的表情，就知道自己已经全力以赴了。。。,少爺_ 
这在我家算硬菜了！来来来，谁还比我穷？,內涵斷子驻百思特派员 
姐夫们看看我的天子驾二，这是怎么了,搞笑内涵侠 
中二一把！把你最喜欢的动漫人物口头禅念出来吧！,0o刀疤o0 
这伞降水平，能吃到鸡吗？,为你改变love 
网络小说原来都是这些套路，网友一针见血！,神马情况这是 
中国语言有多博大精深？快来对号入座哈哈哈～,摸咪校尉 
分享一种很好的解压方式,臭宝蛋蛋 
妻子在ICU生命垂危却写下这张纸条：每个丈夫，都欠妻子一条命！,臭宝蛋蛋 
招聘信息解读，你知道多少？真是惨啊！,摸咪校尉 
火影忍者：最装逼的五句话，一般人都不敢轻易说出口～,摸咪校尉 
早起对人的改变有多大？就像整容！ ​​​​,黑皮呲呲水 
还能好好绑好车花么，看得我都跟着跳了,黑皮呲呲水 
各位声优大咖，来挑战一下吧！,乳痴如狂 
有没有那么一刻，你发现妈妈真的老了？,少年不知苦滋味 
那个不要房不要车的姑娘你才娶不起,为你改变love 
还敢吐槽00后？报告显示他们三观正得可怕,砸你家玻璃l 
我说这是科目二，侧方位停车，你信不,搞笑内涵侠 
当年玩游戏，你充了多少钱？网友说一套房都没了……,摸咪校尉 
